{
  "taskDefinitionArn": "arn:aws:ecs:us-east-1:263464007122:task-definition/fragments-task:3",
  "containerDefinitions": [
    {
      "name": "fragments-container",
      "image": "ukhan09/fragments:latest",
      "cpu": 256,
      "memory": 512,
      "memoryReservation": 512,
      "portMappings": [
        {
          "name": "fragments-container-8080-tcp",
          "containerPort": 8080,
          "hostPort": 8080,
          "protocol": "tcp",
          "appProtocol": "http"
        }
      ],
      "essential": true,
      "environment": [
        {
          "name": "AWS_COGNITO_POOL_ID",
          "value": "us-east-1_8zFUg3al8"
        },
        {
          "name": "API_URL",
          "value": "fragments-lb-1729897819.us-east-1.elb.amazonaws.com"
        },
        {
          "name": "PORT",
          "value": "8080"
        },
        {
          "name": "LOG_LEVEL",
          "value": "debug"
        },
        {
          "name": "AWS_COGNITO_CLIENT_ID",
          "value": "43lnrn9cgf4sd4o71e9p5h34n6"
        },
        {
          "name": "AWS_REGION",
          "value": "us-east-1"
        },
        {
          "name": "AWS_S3_BUCKET_NAME",
          "value": "ukhan57-fragments"
        },
        {
          "name": "AWS_DYNAMODB_TABLE_NAME",
          "value": "fragments"
        }
      ],
      "environmentFiles": [],
      "mountPoints": [],
      "volumesFrom": [],
      "ulimits": [],
      "logConfiguration": {
        "logDriver": "awslogs",
        "options": {
          "awslogs-create-group": "true",
          "awslogs-group": "/ecs/fragments-task",
          "awslogs-region": "us-east-1",
          "awslogs-stream-prefix": "ecs"
        },
        "secretOptions": []
      },
      "systemControls": []
    }
  ],
  "family": "fragments-task",
  "taskRoleArn": "arn:aws:iam::263464007122:role/LabRole",
  "executionRoleArn": "arn:aws:iam::263464007122:role/LabRole",
  "networkMode": "awsvpc",
  "revision": 3,
  "volumes": [],
  "status": "ACTIVE",
  "requiresAttributes": [
    {
      "name": "com.amazonaws.ecs.capability.logging-driver.awslogs"
    },
    {
      "name": "ecs.capability.execution-role-awslogs"
    },
    {
      "name": "com.amazonaws.ecs.capability.docker-remote-api.1.19"
    },
    {
      "name": "com.amazonaws.ecs.capability.docker-remote-api.1.21"
    },
    {
      "name": "com.amazonaws.ecs.capability.task-iam-role"
    },
    {
      "name": "com.amazonaws.ecs.capability.docker-remote-api.1.18"
    },
    {
      "name": "ecs.capability.task-eni"
    },
    {
      "name": "com.amazonaws.ecs.capability.docker-remote-api.1.29"
    }
  ],
  "placementConstraints": [],
  "compatibilities": ["EC2", "FARGATE"],
  "requiresCompatibilities": ["FARGATE"],
  "cpu": "256",
  "memory": "512",
  "runtimePlatform": {
    "cpuArchitecture": "X86_64",
    "operatingSystemFamily": "LINUX"
  },
  "registeredAt": "2024-03-27T22:31:55.907Z",
  "registeredBy": "arn:aws:sts::263464007122:assumed-role/voclabs/user3016863=ukhan57@myseneca.ca",
  "tags": []
}
